Posture Name,Posture Number,Flex_1,Flex_2,Flex_3,Flex_4,Flex_5,Flex_6,Flex_7,Flex_8
Open Hand,1,0.0,30.3030303,3.267973856,14.83679525,0.0,0.0,0.0,0.0
Open Hand,1,30.04291845,74.74747475,189.5424837,50.44510386,0.0,0.0,0.0,0.0
Open Hand,1,23.60515021,0.0,13.07189542,192.8783383,78.85304659,339.7435897,289.9408284,0.0
Open Hand,1,0.0,0.0,0.0,106.8249258,10.75268817,0.0,248.5207101,0.0
Open Hand,1,0.0,0.0,16.33986928,91.98813056,250.8960573,166.6666667,550.295858,75.47169811
Open Hand,1,107.2961373,0.0,9.803921569,163.2047478,408.6021505,1000.0,579.8816568,75.47169811
Open Hand,1,0.0,0.0,39.21568627,151.3353116,172.0430108,307.6923077,458.5798817,84.90566038
Open Hand,1,8.583690987,0.0,13.07189542,53.41246291,60.93189964,237.1794872,431.9526627,88.05031447
Open Hand,1,8.583690987,0.0,0.0,29.6735905,0.0,0.0,346.1538462,0.0
Open Hand,1,6.43776824,0.0,0.0,8.902077151,0.0,38.46153846,0.0,0.0
Open Hand,1,4.291845494,0.0,0.0,5.934718101,0.0,6.41025641,186.3905325,0.0
Open Hand,1,0.0,0.0,0.0,65.28189911,0.0,0.0,0.0,0.0
Open Hand,1,0.0,0.0,0.0,44.51038576,0.0,0.0,0.0,0.0
Open Hand,1,0.0,0.0,0.0,5.934718101,0.0,0.0,103.5502959,0.0
Open Hand,1,695.27897,1000.0,960.7843137,100.8902077,433.6917563,397.4358974,633.1360947,0.0
Open Hand,1,32.1888412,62.62626263,62.09150327,17.8041543,0.0,0.0,5.917159763,0.0
Open Hand,1,49.35622318,90.90909091,62.09150327,74.18397626,0.0,0.0,0.0,0.0
Open Hand,1,40.77253219,30.3030303,9.803921569,261.1275964,0.0,0.0,0.0,0.0
Open Hand,1,36.4806867,28.28282828,3.267973856,204.7477745,0.0,0.0,0.0,0.0
Open Hand,1,30.04291845,24.24242424,9.803921569,65.28189911,0.0,0.0,133.1360947,0.0
Open Hand,1,23.60515021,30.3030303,0.0,216.6172107,0.0,0.0,65.0887574,0.0
Open Hand,1,103.0042918,56.56565657,0.0,145.4005935,0.0,0.0,100.591716,0.0
Open Hand,1,92.27467811,12.12121212,0.0,267.0623145,0.0,0.0,195.2662722,0.0
Open Hand,1,64.3776824,0.0,0.0,201.7804154,0.0,0.0,0.0,0.0
Open Hand,1,57.93991416,0.0,0.0,169.1394659,0.0,0.0,38.46153846,0.0
Open Hand,1,40.77253219,0.0,0.0,136.4985163,0.0,0.0,88.75739645,0.0
Open Hand,1,49.35622318,0.0,0.0,130.5637982,0.0,0.0,0.0,0.0
Open Hand,1,38.62660944,0.0,0.0,121.6617211,0.0,0.0,0.0,0.0
Open Hand,1,2.145922747,0.0,0.0,77.15133531,0.0,0.0,0.0,0.0
Open Hand,1,0.0,0.0,0.0,62.31454006,0.0,0.0,0.0,0.0
Open Hand,1,0.0,14.14141414,0.0,71.21661721,0.0,0.0,109.4674556,0.0
Open Hand,1,8.583690987,4.04040404,0.0,77.15133531,0.0,0.0,56.21301775,0.0
Open Hand,1,10.72961373,0.0,0.0,71.21661721,114.6953405,0.0,14.79289941,0.0
Open Hand,1,15.02145923,0.0,0.0,65.28189911,86.02150538,0.0,5.917159763,0.0
Open Hand,1,17.16738197,0.0,0.0,59.34718101,0.0,0.0,14.79289941,0.0
Open Hand,1,12.87553648,0.0,0.0,62.31454006,0.0,0.0,38.46153846,0.0
Open Hand,1,195.27897,90.90909091,0.0,56.37982196,0.0,0.0,103.5502959,0.0
Open Hand,1,236.0515021,92.92929293,0.0,62.31454006,0.0,0.0,94.67455621,0.0
Open Hand,1,214.5922747,92.92929293,0.0,112.7596439,0.0,0.0,121.3017751,0.0
Open Hand,1,201.7167382,103.030303,0.0,109.7922849,0.0,0.0,171.5976331,0.0
Open Hand,1,128.7553648,86.86868687,62.09150327,121.6617211,0.0,0.0,159.7633136,0.0
Open Hand,1,115.8798283,68.68686869,0.0,97.92284866,0.0,0.0,53.25443787,0.0
Open Hand,1,94.42060086,0.0,0.0,77.15133531,0.0,0.0,0.0,0.0
Open Hand,1,17.16738197,0.0,0.0,53.41246291,0.0,0.0,0.0,0.0
Open Hand,1,15.02145923,0.0,0.0,121.6617211,0.0,0.0,201.183432,0.0
Open Hand,1,15.02145923,22.22222222,0.0,115.727003,0.0,0.0,275.147929,163.5220126
Open Hand,1,15.02145923,20.2020202,0.0,109.7922849,0.0,0.0,251.4792899,59.74842767
Open Hand,1,12.87553648,22.22222222,0.0,94.95548961,0.0,0.0,230.7692308,0.0
Open Hand,1,12.87553648,20.2020202,0.0,91.98813056,0.0,0.0,221.8934911,0.0
Open Hand,1,12.87553648,18.18181818,0.0,80.11869436,0.0,0.0,215.9763314,0.0
Open Hand,1,10.72961373,18.18181818,0.0,83.08605341,0.0,0.0,239.6449704,47.16981132
Open Hand,1,8.583690987,18.18181818,0.0,80.11869436,0.0,0.0,215.9763314,9.433962264
Open Hand,1,10.72961373,14.14141414,0.0,83.08605341,0.0,0.0,218.9349112,12.57861635
Open Hand,1,10.72961373,14.14141414,0.0,115.727003,0.0,0.0,218.9349112,0.0
Open Hand,1,8.583690987,12.12121212,0.0,112.7596439,0.0,0.0,195.2662722,0.0
Open Hand,1,0.0,0.0,0.0,74.18397626,0.0,0.0,147.9289941,0.0
Open Hand,1,0.0,0.0,0.0,41.54302671,0.0,0.0,142.0118343,0.0
Open Hand,1,2.145922747,0.0,0.0,59.34718101,0.0,0.0,171.5976331,0.0
Open Hand,1,0.0,0.0,0.0,53.41246291,0.0,0.0,106.5088757,0.0
Open Hand,1,0.0,0.0,0.0,29.6735905,0.0,0.0,162.7218935,0.0
Open Hand,1,0.0,0.0,0.0,115.727003,0.0,0.0,195.2662722,0.0
Open Hand,1,0.0,0.0,0.0,65.28189911,0.0,0.0,0.0,0.0
Open Hand,1,19.31330472,66.66666667,16.33986928,53.41246291,0.0,0.0,213.0177515,0.0
Open Hand,1,21.45922747,40.4040404,0.0,47.47774481,0.0,0.0,35.50295858,0.0
Open Hand,1,15.02145923,30.3030303,0.0,41.54302671,0.0,0.0,0.0,0.0
Open Hand,1,0.0,0.0,0.0,35.60830861,0.0,0.0,0.0,0.0
Open Hand,1,45.06437768,0.0,0.0,20.77151335,0.0,0.0,0.0,0.0
Open Hand,1,0.0,0.0,49.01960784,23.7388724,0.0,0.0,0.0,0.0
Open Hand,1,0.0,4.04040404,62.09150327,29.6735905,0.0,0.0,0.0,0.0
Open Hand,1,15.02145923,32.32323232,88.23529412,94.95548961,0.0,0.0,0.0,0.0
Open Hand,1,8.583690987,0.0,29.41176471,71.21661721,0.0,0.0,0.0,0.0
Open Hand,1,17.16738197,0.0,22.87581699,53.41246291,0.0,0.0,8.875739645,0.0
Open Hand,1,0.0,0.0,3.267973856,23.7388724,0.0,0.0,0.0,0.0
Open Hand,1,0.0,0.0,42.48366013,17.8041543,0.0,0.0,0.0,0.0
Open Hand,1,6.43776824,20.2020202,6.535947712,11.8694362,0.0,314.1025641,0.0,0.0
Open Hand,1,4.291845494,16.16161616,0.0,11.8694362,0.0,89.74358974,0.0,6.289308176
Open Hand,1,4.291845494,0.0,3.267973856,11.8694362,0.0,0.0,0.0,22.01257862
Open Hand,1,6.43776824,0.0,0.0,8.902077151,0.0,38.46153846,0.0,22.01257862
Open Hand,1,4.291845494,0.0,6.535947712,11.8694362,0.0,0.0,0.0,22.01257862
Open Hand,1,0.0,0.0,0.0,5.934718101,0.0,0.0,59.17159763,25.1572327
Open Hand,1,0.0,0.0,0.0,5.934718101,0.0,0.0,71.00591716,47.16981132
Open Hand,1,47.21030043,0.0,29.41176471,2.96735905,89.60573477,0.0,73.96449704,103.7735849
Open Hand,1,4.291845494,0.0,35.94771242,5.934718101,0.0,0.0,375.739645,47.16981132
Open Hand,1,0.0,0.0,6.535947712,32.64094955,0.0,0.0,162.7218935,0.0
Open Hand,1,0.0,0.0,0.0,86.05341246,0.0,0.0,0.0,0.0
Open Hand,1,0.0,0.0,6.535947712,23.7388724,0.0,0.0,405.3254438,0.0
Open Hand,1,32.1888412,0.0,29.41176471,20.77151335,0.0,0.0,313.6094675,0.0
Open Hand,1,0.0,0.0,32.67973856,11.8694362,0.0,0.0,221.8934911,0.0
Open Hand,1,53.64806867,0.0,26.14379085,14.83679525,0.0,0.0,136.0946746,0.0
Open Hand,1,66.52360515,8.080808081,0.0,17.8041543,0.0,0.0,0.0,37.73584906
Open Hand,1,51.50214592,0.0,0.0,14.83679525,0.0,256.4102564,0.0,72.32704403
Open Hand,1,15.02145923,0.0,0.0,11.8694362,0.0,0.0,50.29585799,75.47169811
Open Hand,1,38.62660944,0.0,3.267973856,0.0,21.50537634,0.0,147.9289941,81.76100629
Open Hand,1,36.4806867,0.0,13.07189542,106.8249258,150.5376344,0.0,221.8934911,100.6289308
Open Hand,1,19.31330472,0.0,19.60784314,115.727003,0.0,0.0,260.3550296,97.48427673
Open Hand,1,12.87553648,0.0,16.33986928,94.95548961,0.0,0.0,286.9822485,0.0
Open Hand,1,6.43776824,0.0,0.0,29.6735905,0.0,0.0,210.0591716,0.0
Open Hand,1,8.583690987,0.0,0.0,29.6735905,0.0,0.0,251.4792899,0.0
Open Hand,1,0.0,0.0,9.803921569,267.0623145,0.0,0.0,0.0,0.0
Open Hand,1,6.43776824,0.0,0.0,169.1394659,0.0,0.0,0.0,0.0
Open Hand,1,0.0,4.04040404,84.96732026,80.11869436,0.0,0.0,0.0,0.0
Open Hand,1,12.87553648,36.36363636,58.82352941,71.21661721,0.0,0.0,0.0,0.0
Open Hand,1,17.16738197,52.52525253,75.16339869,65.28189911,0.0,0.0,0.0,0.0
Open Hand,1,19.31330472,28.28282828,32.67973856,62.31454006,0.0,0.0,0.0,0.0
Open Hand,1,0.0,0.0,0.0,23.7388724,0.0,0.0,0.0,0.0
Open Hand,1,100.8583691,0.0,13.07189542,47.47774481,146.953405,0.0,0.0,3.144654088
Open Hand,1,70.81545064,20.2020202,143.7908497,50.44510386,25.08960573,0.0,207.1005917,0.0
Open Hand,1,57.93991416,18.18181818,68.62745098,44.51038576,0.0,0.0,71.00591716,0.0
Open Hand,1,34.33476395,0.0,39.21568627,44.51038576,0.0,0.0,76.92307692,0.0
Open Hand,1,0.0,0.0,0.0,20.77151335,0.0,0.0,0.0,0.0
Open Hand,1,0.0,0.0,0.0,17.8041543,0.0,0.0,0.0,0.0
Open Hand,1,4.291845494,0.0,6.535947712,29.6735905,0.0,0.0,0.0,0.0
Open Hand,1,23.60515021,38.38383838,16.33986928,80.11869436,3.584229391,57.69230769,0.0,0.0
Open Hand,1,21.45922747,42.42424242,13.07189542,56.37982196,0.0,0.0,0.0,0.0
Open Hand,1,19.31330472,48.48484848,32.67973856,62.31454006,35.84229391,217.9487179,14.79289941,25.1572327
Open Hand,1,17.16738197,46.46464646,19.60784314,53.41246291,17.92114695,76.92307692,0.0,18.86792453
Open Hand,1,15.02145923,34.34343434,0.0,50.44510386,3.584229391,0.0,0.0,0.0
Open Hand,1,0.0,0.0,0.0,121.6617211,0.0,0.0,0.0,0.0
Open Hand,1,0.0,0.0,0.0,71.21661721,0.0,0.0,0.0,0.0
Open Hand,1,23.60515021,30.3030303,0.0,133.5311573,78.85304659,217.9487179,29.58579882,0.0
Open Hand,1,96.56652361,137.3737374,35.94771242,311.5727003,57.34767025,0.0,0.0,0.0
Open Hand,1,70.81545064,78.78787879,68.62745098,317.5074184,32.25806452,0.0,0.0,0.0
Open Hand,1,66.52360515,92.92929293,62.09150327,234.421365,75.2688172,83.33333333,0.0,0.0
Open Hand,1,60.08583691,264.6464646,290.8496732,267.0623145,7.168458781,0.0,0.0,0.0
Open Hand,1,62.23175966,145.4545455,143.7908497,198.8130564,0.0,0.0,0.0,0.0
Open Hand,1,40.77253219,60.60606061,35.94771242,175.074184,0.0,0.0,0.0,0.0
Open Hand,1,30.04291845,22.22222222,6.535947712,109.7922849,0.0,0.0,0.0,0.0
Open Hand,1,25.75107296,32.32323232,6.535947712,91.98813056,0.0,0.0,0.0,0.0
Open Hand,1,70.81545064,36.36363636,143.7908497,246.2908012,86.02150538,0.0,159.7633136,0.0
Open Hand,1,40.77253219,38.38383838,49.01960784,121.6617211,0.0,0.0,0.0,0.0
Open Hand,1,38.62660944,28.28282828,9.803921569,121.6617211,0.0,0.0,0.0,0.0
Open Hand,1,42.91845494,48.48484848,26.14379085,192.8783383,17.92114695,0.0,0.0,0.0
Open Hand,1,49.35622318,60.60606061,45.75163399,109.7922849,0.0,0.0,189.3491124,0.0
Open Hand,1,47.21030043,54.54545455,39.21568627,100.8902077,0.0,0.0,26.62721893,0.0
Open Hand,1,45.06437768,54.54545455,49.01960784,112.7596439,3.584229391,0.0,65.0887574,0.0
Open Hand,1,36.4806867,26.26262626,3.267973856,89.02077151,0.0,0.0,0.0,0.0
Open Hand,1,15.02145923,0.0,0.0,50.44510386,0.0,0.0,0.0,0.0
Open Hand,1,15.02145923,6.060606061,0.0,47.47774481,0.0,0.0,0.0,0.0
Open Hand,1,17.16738197,0.0,0.0,103.8575668,0.0,0.0,0.0,0.0
Open Hand,1,6.43776824,24.24242424,3.267973856,47.47774481,0.0,0.0,0.0,0.0
Open Hand,1,12.87553648,28.28282828,0.0,50.44510386,0.0,0.0,0.0,0.0
Open Hand,1,10.72961373,28.28282828,0.0,44.51038576,0.0,0.0,0.0,0.0
Open Hand,1,17.16738197,38.38383838,0.0,47.47774481,0.0,0.0,0.0,0.0
Open Hand,1,25.75107296,48.48484848,13.07189542,80.11869436,43.01075269,301.2820513,325.443787,0.0
Open Hand,1,23.60515021,44.44444444,6.535947712,59.34718101,0.0,0.0,195.2662722,0.0
Open Hand,1,23.60515021,42.42424242,0.0,65.28189911,0.0,0.0,65.0887574,0.0
Open Hand,1,17.16738197,22.22222222,0.0,59.34718101,0.0,0.0,11.83431953,0.0
Open Hand,1,15.02145923,18.18181818,65.35947712,53.41246291,0.0,0.0,85.79881657,0.0
Open Hand,1,15.02145923,26.26262626,39.21568627,53.41246291,0.0,0.0,41.42011834,0.0
Open Hand,1,17.16738197,24.24242424,29.41176471,53.41246291,0.0,0.0,32.5443787,0.0
Open Hand,1,32.1888412,86.86868687,39.21568627,53.41246291,0.0,0.0,32.5443787,0.0
Open Hand,1,72.96137339,50.50505051,13.07189542,56.37982196,0.0,0.0,38.46153846,0.0
Open Hand,1,64.3776824,70.70707071,13.07189542,53.41246291,0.0,0.0,65.0887574,0.0
Open Hand,1,60.08583691,173.7373737,26.14379085,53.41246291,0.0,0.0,88.75739645,0.0
Open Hand,1,60.08583691,123.2323232,22.87581699,50.44510386,0.0,0.0,73.96449704,0.0
Open Hand,1,49.35622318,88.88888889,26.14379085,53.41246291,0.0,38.46153846,139.0532544,0.0
Open Hand,1,51.50214592,74.74747475,16.33986928,50.44510386,0.0,0.0,142.0118343,0.0
Open Hand,1,49.35622318,72.72727273,13.07189542,47.47774481,0.0,0.0,142.0118343,0.0
Open Hand,1,51.50214592,94.94949495,9.803921569,47.47774481,0.0,83.33333333,106.5088757,0.0
Open Hand,1,51.50214592,88.88888889,9.803921569,47.47774481,0.0,51.28205128,106.5088757,0.0
Open Hand,1,62.23175966,86.86868687,6.535947712,47.47774481,17.92114695,51.28205128,103.5502959,0.0
Open Hand,1,60.08583691,86.86868687,9.803921569,50.44510386,14.33691756,32.05128205,109.4674556,0.0
Open Hand,1,51.50214592,78.78787879,9.803921569,68.24925816,0.0,0.0,109.4674556,0.0
Open Hand,1,53.64806867,78.78787879,16.33986928,47.47774481,0.0,0.0,159.7633136,0.0
Open Hand,1,55.79399142,78.78787879,22.87581699,47.47774481,0.0,0.0,142.0118343,0.0
Open Hand,1,51.50214592,76.76767677,19.60784314,47.47774481,0.0,0.0,136.0946746,0.0
Open Hand,1,49.35622318,74.74747475,16.33986928,50.44510386,0.0,12.82051282,142.0118343,47.16981132
Open Hand,1,49.35622318,74.74747475,16.33986928,50.44510386,0.0,19.23076923,139.0532544,84.90566038
Open Hand,1,51.50214592,74.74747475,16.33986928,50.44510386,0.0,38.46153846,136.0946746,75.47169811
Open Hand,1,49.35622318,72.72727273,13.07189542,50.44510386,0.0,38.46153846,136.0946746,75.47169811
Open Hand,1,49.35622318,74.74747475,16.33986928,47.47774481,0.0,38.46153846,142.0118343,75.47169811
Open Hand,1,49.35622318,72.72727273,16.33986928,50.44510386,0.0,0.0,147.9289941,75.47169811
Open Hand,1,64.3776824,52.52525253,19.60784314,50.44510386,57.34767025,0.0,156.8047337,78.6163522
Open Hand,1,60.08583691,54.54545455,19.60784314,53.41246291,35.84229391,0.0,159.7633136,81.76100629
Open Hand,1,57.93991416,56.56565657,19.60784314,53.41246291,46.59498208,25.64102564,162.7218935,81.76100629
Open Hand,1,70.81545064,50.50505051,16.33986928,53.41246291,78.85304659,6.41025641,156.8047337,78.6163522
Open Hand,1,75.10729614,50.50505051,26.14379085,56.37982196,64.51612903,25.64102564,162.7218935,78.6163522
Open Hand,1,72.96137339,52.52525253,22.87581699,53.41246291,53.76344086,32.05128205,195.2662722,75.47169811
Open Hand,1,70.81545064,46.46464646,19.60784314,53.41246291,46.59498208,0.0,186.3905325,75.47169811
Open Hand,1,72.96137339,56.56565657,9.803921569,53.41246291,39.4265233,141.025641,124.260355,75.47169811
Open Hand,1,75.10729614,56.56565657,6.535947712,53.41246291,35.84229391,301.2820513,124.260355,72.32704403
Open Hand,1,75.10729614,62.62626263,9.803921569,53.41246291,39.4265233,358.974359,156.8047337,69.18238994
Open Hand,1,72.96137339,60.60606061,16.33986928,53.41246291,32.25806452,288.4615385,230.7692308,72.32704403
Open Hand,1,72.96137339,46.46464646,16.33986928,56.37982196,39.4265233,0.0,254.4378698,59.74842767
Open Hand,1,72.96137339,44.44444444,13.07189542,71.21661721,32.25806452,0.0,207.1005917,37.73584906
Open Hand,1,72.96137339,46.46464646,13.07189542,68.24925816,28.67383513,0.0,201.183432,40.88050314
Open Hand,1,72.96137339,44.44444444,6.535947712,65.28189911,28.67383513,0.0,100.591716,28.30188679
Open Hand,1,72.96137339,44.44444444,3.267973856,62.31454006,25.08960573,0.0,156.8047337,0.0
Open Hand,1,72.96137339,46.46464646,16.33986928,62.31454006,21.50537634,160.2564103,236.6863905,0.0
Open Hand,1,72.96137339,54.54545455,9.803921569,62.31454006,21.50537634,134.6153846,192.3076923,0.0
Open Hand,1,72.96137339,52.52525253,6.535947712,59.34718101,21.50537634,115.3846154,180.4733728,0.0
Open Hand,1,72.96137339,52.52525253,6.535947712,59.34718101,21.50537634,102.5641026,171.5976331,0.0
Open Hand,1,75.10729614,50.50505051,6.535947712,59.34718101,21.50537634,70.51282051,168.6390533,0.0
Open Hand,1,72.96137339,50.50505051,6.535947712,59.34718101,17.92114695,57.69230769,165.6804734,0.0
Open Hand,1,68.6695279,50.50505051,9.803921569,74.18397626,7.168458781,51.28205128,153.8461538,0.0
Open Hand,1,68.6695279,50.50505051,13.07189542,68.24925816,0.0,44.87179487,165.6804734,0.0
Open Hand,1,64.3776824,48.48484848,16.33986928,59.34718101,0.0,0.0,171.5976331,0.0
Open Hand,1,62.23175966,8.080808081,29.41176471,56.37982196,0.0,0.0,180.4733728,0.0
Open Hand,1,66.52360515,10.1010101,22.87581699,59.34718101,14.33691756,0.0,174.556213,0.0
Open Hand,1,66.52360515,12.12121212,26.14379085,56.37982196,0.0,0.0,171.5976331,0.0
Open Hand,1,66.52360515,18.18181818,29.41176471,56.37982196,0.0,0.0,171.5976331,0.0
Open Hand,1,64.3776824,26.26262626,35.94771242,56.37982196,0.0,0.0,174.556213,0.0
Open Hand,1,66.52360515,30.3030303,45.75163399,56.37982196,0.0,0.0,177.5147929,0.0
Open Hand,1,64.3776824,30.3030303,45.75163399,56.37982196,0.0,0.0,180.4733728,0.0
Open Hand,1,64.3776824,30.3030303,45.75163399,53.41246291,0.0,0.0,177.5147929,0.0
Open Hand,1,66.52360515,28.28282828,45.75163399,53.41246291,0.0,0.0,177.5147929,0.0
Open Hand,1,64.3776824,30.3030303,49.01960784,53.41246291,0.0,0.0,177.5147929,0.0
Open Hand,1,64.3776824,26.26262626,39.21568627,53.41246291,0.0,0.0,162.7218935,0.0
Open Hand,1,62.23175966,26.26262626,49.01960784,50.44510386,0.0,0.0,168.6390533,0.0
Open Hand,1,81.54506438,38.38383838,68.62745098,53.41246291,21.50537634,0.0,180.4733728,0.0
Open Hand,1,75.10729614,34.34343434,65.35947712,53.41246291,7.168458781,0.0,171.5976331,0.0
Open Hand,1,72.96137339,32.32323232,32.67973856,50.44510386,0.0,0.0,109.4674556,0.0
Open Hand,1,70.81545064,18.18181818,6.535947712,47.47774481,0.0,0.0,71.00591716,0.0
Open Hand,1,66.52360515,20.2020202,9.803921569,47.47774481,0.0,0.0,76.92307692,0.0
Open Hand,1,66.52360515,24.24242424,22.87581699,47.47774481,0.0,0.0,112.4260355,0.0
Closed Fist,2,1000.0,1000.0,1000.0,1000.0,1000.0,1000.0,1000.0,1000.0
Closed Fist,2,1000.0,1000.0,1000.0,1000.0,1000.0,1000.0,1000.0,1000.0
Closed Fist,2,1000.0,1000.0,1000.0,1000.0,1000.0,1000.0,1000.0,1000.0
Closed Fist,2,1000.0,1000.0,1000.0,1000.0,1000.0,1000.0,1000.0,1000.0
Closed Fist,2,1000.0,1000.0,1000.0,1000.0,1000.0,1000.0,1000.0,355.3459119
Closed Fist,2,1000.0,1000.0,1000.0,1000.0,1000.0,1000.0,1000.0,185.5345912
Closed Fist,2,1000.0,1000.0,1000.0,1000.0,1000.0,1000.0,991.1242604,402.5157233
Closed Fist,2,1000.0,1000.0,1000.0,1000.0,1000.0,1000.0,1000.0,883.6477987
Closed Fist,2,710.3004292,577.7777778,761.4379085,824.925816,971.3261649,1000.0,875.739645,1000.0
Closed Fist,2,1000.0,1000.0,1000.0,1000.0,1000.0,1000.0,1000.0,1000.0
Closed Fist,2,1000.0,1000.0,1000.0,1000.0,1000.0,1000.0,1000.0,1000.0
Closed Fist,2,1000.0,1000.0,1000.0,1000.0,1000.0,1000.0,1000.0,1000.0
Closed Fist,2,1000.0,1000.0,1000.0,1000.0,1000.0,1000.0,1000.0,1000.0
Closed Fist,2,1000.0,1000.0,1000.0,1000.0,1000.0,1000.0,1000.0,1000.0
Closed Fist,2,1000.0,1000.0,1000.0,1000.0,1000.0,1000.0,1000.0,1000.0
Closed Fist,2,1000.0,1000.0,1000.0,1000.0,1000.0,1000.0,1000.0,1000.0
Closed Fist,2,1000.0,1000.0,960.7843137,1000.0,1000.0,1000.0,1000.0,1000.0
Closed Fist,2,1000.0,1000.0,928.1045752,1000.0,1000.0,1000.0,1000.0,1000.0
Closed Fist,2,1000.0,1000.0,1000.0,1000.0,1000.0,1000.0,1000.0,1000.0
Closed Fist,2,1000.0,1000.0,1000.0,1000.0,1000.0,1000.0,1000.0,1000.0
Closed Fist,2,929.1845494,759.5959596,797.3856209,1000.0,1000.0,1000.0,949.704142,1000.0
Closed Fist,2,1000.0,1000.0,1000.0,1000.0,1000.0,1000.0,1000.0,1000.0
Closed Fist,2,1000.0,1000.0,1000.0,1000.0,1000.0,1000.0,1000.0,1000.0
Closed Fist,2,1000.0,1000.0,1000.0,1000.0,1000.0,1000.0,1000.0,1000.0
Closed Fist,2,1000.0,894.9494949,702.6143791,1000.0,1000.0,1000.0,1000.0,908.8050314
Closed Fist,2,1000.0,987.8787879,816.9934641,1000.0,1000.0,1000.0,1000.0,779.8742138
Closed Fist,2,1000.0,1000.0,1000.0,1000.0,1000.0,1000.0,1000.0,1000.0
Closed Fist,2,1000.0,1000.0,1000.0,1000.0,1000.0,1000.0,1000.0,1000.0
Closed Fist,2,1000.0,1000.0,1000.0,1000.0,1000.0,1000.0,1000.0,1000.0
Closed Fist,2,1000.0,1000.0,1000.0,1000.0,1000.0,1000.0,1000.0,1000.0
Closed Fist,2,1000.0,1000.0,1000.0,1000.0,1000.0,1000.0,1000.0,1000.0
Closed Fist,2,1000.0,1000.0,1000.0,1000.0,1000.0,1000.0,1000.0,1000.0
Closed Fist,2,1000.0,1000.0,1000.0,1000.0,1000.0,1000.0,1000.0,1000.0
Closed Fist,2,1000.0,1000.0,1000.0,1000.0,1000.0,1000.0,1000.0,1000.0
Closed Fist,2,1000.0,1000.0,1000.0,1000.0,1000.0,1000.0,1000.0,1000.0
Closed Fist,2,1000.0,1000.0,1000.0,1000.0,1000.0,1000.0,1000.0,1000.0
Closed Fist,2,1000.0,1000.0,1000.0,1000.0,1000.0,1000.0,1000.0,1000.0
Closed Fist,2,1000.0,1000.0,1000.0,1000.0,1000.0,1000.0,1000.0,1000.0
Closed Fist,2,1000.0,1000.0,1000.0,1000.0,1000.0,1000.0,1000.0,937.1069182
Closed Fist,2,1000.0,1000.0,1000.0,1000.0,1000.0,1000.0,1000.0,845.9119497
Closed Fist,2,1000.0,1000.0,1000.0,1000.0,1000.0,1000.0,1000.0,764.1509434
Closed Fist,2,1000.0,1000.0,1000.0,1000.0,1000.0,1000.0,1000.0,933.9622642
Closed Fist,2,1000.0,1000.0,1000.0,1000.0,1000.0,1000.0,1000.0,955.9748428
Closed Fist,2,1000.0,947.4747475,1000.0,1000.0,1000.0,1000.0,1000.0,1000.0
Closed Fist,2,1000.0,949.4949495,1000.0,1000.0,1000.0,1000.0,1000.0,996.8553459
Closed Fist,2,1000.0,1000.0,908.496732,1000.0,1000.0,1000.0,1000.0,669.8113208
Closed Fist,2,1000.0,1000.0,879.0849673,1000.0,1000.0,1000.0,1000.0,770.4402516
Closed Fist,2,1000.0,1000.0,1000.0,1000.0,1000.0,1000.0,1000.0,798.7421384
Closed Fist,2,1000.0,1000.0,1000.0,1000.0,1000.0,1000.0,1000.0,1000.0
Closed Fist,2,1000.0,1000.0,1000.0,1000.0,1000.0,1000.0,1000.0,1000.0
Closed Fist,2,1000.0,1000.0,1000.0,1000.0,1000.0,1000.0,1000.0,1000.0
Closed Fist,2,1000.0,1000.0,1000.0,1000.0,1000.0,1000.0,1000.0,1000.0
Closed Fist,2,1000.0,1000.0,1000.0,1000.0,1000.0,1000.0,1000.0,1000.0
Closed Fist,2,1000.0,931.3131313,990.1960784,1000.0,1000.0,1000.0,1000.0,1000.0
Closed Fist,2,1000.0,1000.0,1000.0,1000.0,1000.0,1000.0,1000.0,1000.0
Closed Fist,2,1000.0,1000.0,1000.0,1000.0,1000.0,1000.0,1000.0,1000.0
Closed Fist,2,1000.0,903.030303,950.9803922,1000.0,1000.0,1000.0,1000.0,742.1383648
Closed Fist,2,1000.0,983.8383838,1000.0,1000.0,1000.0,1000.0,1000.0,726.4150943
Closed Fist,2,1000.0,898.989899,892.1568627,1000.0,1000.0,1000.0,1000.0,298.7421384
Closed Fist,2,1000.0,1000.0,934.6405229,1000.0,1000.0,1000.0,1000.0,386.7924528
Closed Fist,2,1000.0,1000.0,1000.0,1000.0,1000.0,1000.0,1000.0,921.3836478
Closed Fist,2,965.6652361,1000.0,1000.0,1000.0,1000.0,1000.0,1000.0,852.2012579
Closed Fist,2,1000.0,1000.0,1000.0,1000.0,1000.0,1000.0,1000.0,823.8993711
Closed Fist,2,1000.0,1000.0,888.8888889,1000.0,1000.0,1000.0,1000.0,367.9245283
Closed Fist,2,1000.0,1000.0,892.1568627,1000.0,1000.0,1000.0,1000.0,339.6226415
Closed Fist,2,1000.0,1000.0,977.124183,1000.0,1000.0,1000.0,1000.0,547.1698113
Closed Fist,2,1000.0,1000.0,990.1960784,1000.0,1000.0,1000.0,1000.0,679.245283
Closed Fist,2,1000.0,1000.0,1000.0,1000.0,1000.0,1000.0,1000.0,1000.0
Closed Fist,2,1000.0,1000.0,1000.0,1000.0,1000.0,1000.0,1000.0,1000.0
Closed Fist,2,1000.0,977.7777778,745.0980392,1000.0,1000.0,1000.0,1000.0,1000.0
Closed Fist,2,1000.0,1000.0,950.9803922,1000.0,1000.0,1000.0,1000.0,1000.0
Closed Fist,2,1000.0,1000.0,931.372549,1000.0,1000.0,1000.0,1000.0,1000.0
Closed Fist,2,1000.0,995.959596,781.0457516,1000.0,1000.0,1000.0,1000.0,1000.0
Closed Fist,2,1000.0,1000.0,830.0653595,1000.0,1000.0,1000.0,1000.0,1000.0
Closed Fist,2,1000.0,1000.0,826.7973856,1000.0,1000.0,1000.0,1000.0,1000.0
Closed Fist,2,1000.0,1000.0,823.5294118,1000.0,1000.0,1000.0,1000.0,1000.0
Closed Fist,2,1000.0,1000.0,833.3333333,1000.0,1000.0,1000.0,1000.0,1000.0
Closed Fist,2,319.7424893,165.6565657,431.372549,952.5222552,1000.0,1000.0,677.5147929,729.5597484
Closed Fist,2,1000.0,1000.0,1000.0,1000.0,1000.0,1000.0,1000.0,1000.0
Closed Fist,2,1000.0,1000.0,1000.0,1000.0,1000.0,1000.0,1000.0,1000.0
Closed Fist,2,1000.0,1000.0,1000.0,1000.0,1000.0,1000.0,1000.0,1000.0
Closed Fist,2,1000.0,1000.0,1000.0,1000.0,1000.0,1000.0,1000.0,1000.0
Closed Fist,2,1000.0,1000.0,1000.0,1000.0,1000.0,1000.0,1000.0,1000.0
Closed Fist,2,1000.0,1000.0,1000.0,1000.0,1000.0,1000.0,1000.0,1000.0
Closed Fist,2,1000.0,1000.0,1000.0,1000.0,1000.0,1000.0,1000.0,1000.0
Closed Fist,2,1000.0,1000.0,1000.0,1000.0,1000.0,1000.0,1000.0,1000.0
Closed Fist,2,1000.0,1000.0,1000.0,1000.0,1000.0,1000.0,1000.0,1000.0
Closed Fist,2,1000.0,1000.0,1000.0,1000.0,1000.0,1000.0,1000.0,1000.0
Closed Fist,2,1000.0,1000.0,1000.0,1000.0,1000.0,1000.0,937.8698225,1000.0
Closed Fist,2,1000.0,1000.0,1000.0,1000.0,1000.0,1000.0,1000.0,1000.0
Closed Fist,2,1000.0,1000.0,1000.0,1000.0,1000.0,1000.0,1000.0,1000.0
Closed Fist,2,1000.0,1000.0,1000.0,1000.0,1000.0,1000.0,994.0828402,1000.0
Closed Fist,2,1000.0,1000.0,1000.0,1000.0,1000.0,1000.0,1000.0,1000.0
Closed Fist,2,1000.0,1000.0,1000.0,1000.0,1000.0,1000.0,1000.0,1000.0
Closed Fist,2,1000.0,1000.0,1000.0,1000.0,1000.0,1000.0,1000.0,1000.0
Closed Fist,2,1000.0,1000.0,1000.0,1000.0,1000.0,1000.0,1000.0,1000.0
Closed Fist,2,1000.0,1000.0,1000.0,1000.0,1000.0,1000.0,1000.0,1000.0
Closed Fist,2,1000.0,1000.0,1000.0,1000.0,1000.0,1000.0,1000.0,1000.0
Closed Fist,2,1000.0,1000.0,1000.0,1000.0,1000.0,1000.0,1000.0,1000.0
Closed Fist,2,1000.0,1000.0,1000.0,1000.0,1000.0,1000.0,1000.0,1000.0
Closed Fist,2,1000.0,1000.0,1000.0,1000.0,1000.0,1000.0,1000.0,996.8553459
Closed Fist,2,1000.0,1000.0,1000.0,1000.0,1000.0,1000.0,1000.0,984.2767296
Closed Fist,2,1000.0,1000.0,1000.0,1000.0,1000.0,1000.0,970.4142012,798.7421384
Closed Fist,2,1000.0,1000.0,1000.0,1000.0,1000.0,1000.0,931.9526627,962.2641509
Closed Fist,2,1000.0,1000.0,1000.0,1000.0,1000.0,1000.0,952.6627219,896.2264151
Closed Fist,2,1000.0,1000.0,1000.0,1000.0,1000.0,1000.0,952.6627219,886.7924528
Closed Fist,2,1000.0,1000.0,1000.0,1000.0,1000.0,1000.0,952.6627219,880.5031447
Closed Fist,2,1000.0,1000.0,1000.0,1000.0,1000.0,1000.0,940.8284024,805.0314465
Closed Fist,2,1000.0,1000.0,1000.0,1000.0,1000.0,1000.0,943.7869822,858.490566
Closed Fist,2,1000.0,1000.0,1000.0,1000.0,1000.0,1000.0,1000.0,1000.0
Closed Fist,2,1000.0,1000.0,1000.0,1000.0,1000.0,1000.0,1000.0,924.5283019
Closed Fist,2,1000.0,1000.0,1000.0,1000.0,1000.0,1000.0,991.1242604,889.9371069
Closed Fist,2,1000.0,1000.0,1000.0,1000.0,1000.0,1000.0,973.3727811,874.2138365
Closed Fist,2,1000.0,1000.0,1000.0,1000.0,1000.0,1000.0,988.1656805,893.081761
Closed Fist,2,1000.0,1000.0,1000.0,1000.0,1000.0,1000.0,964.4970414,924.5283019
Closed Fist,2,1000.0,1000.0,1000.0,1000.0,1000.0,1000.0,949.704142,943.3962264
Closed Fist,2,1000.0,1000.0,1000.0,1000.0,1000.0,1000.0,952.6627219,1000.0
Closed Fist,2,1000.0,1000.0,1000.0,1000.0,1000.0,1000.0,985.2071006,830.1886792
Closed Fist,2,1000.0,1000.0,1000.0,1000.0,1000.0,1000.0,964.4970414,1000.0
Closed Fist,2,1000.0,1000.0,1000.0,1000.0,1000.0,1000.0,952.6627219,1000.0
Closed Fist,2,1000.0,1000.0,1000.0,1000.0,1000.0,1000.0,1000.0,1000.0
Closed Fist,2,1000.0,1000.0,1000.0,1000.0,1000.0,1000.0,997.0414201,1000.0
Closed Fist,2,1000.0,1000.0,1000.0,1000.0,1000.0,1000.0,1000.0,1000.0
Closed Fist,2,1000.0,1000.0,1000.0,1000.0,1000.0,1000.0,1000.0,1000.0
Closed Fist,2,1000.0,1000.0,1000.0,1000.0,1000.0,1000.0,1000.0,1000.0
Closed Fist,2,1000.0,1000.0,1000.0,1000.0,1000.0,1000.0,1000.0,1000.0
Closed Fist,2,1000.0,1000.0,1000.0,1000.0,1000.0,1000.0,1000.0,1000.0
Closed Fist,2,1000.0,1000.0,1000.0,1000.0,1000.0,1000.0,1000.0,1000.0
Closed Fist,2,1000.0,1000.0,1000.0,1000.0,1000.0,1000.0,1000.0,1000.0
Closed Fist,2,1000.0,1000.0,1000.0,1000.0,1000.0,1000.0,1000.0,1000.0
Closed Fist,2,1000.0,1000.0,1000.0,1000.0,1000.0,1000.0,1000.0,1000.0
Closed Fist,2,1000.0,1000.0,1000.0,1000.0,1000.0,1000.0,1000.0,1000.0
Closed Fist,2,1000.0,1000.0,1000.0,1000.0,1000.0,1000.0,1000.0,1000.0
Closed Fist,2,1000.0,1000.0,1000.0,1000.0,1000.0,1000.0,1000.0,1000.0
Closed Fist,2,1000.0,1000.0,1000.0,1000.0,1000.0,1000.0,1000.0,1000.0
Closed Fist,2,1000.0,1000.0,1000.0,1000.0,1000.0,1000.0,1000.0,1000.0
Closed Fist,2,1000.0,1000.0,996.7320261,1000.0,1000.0,1000.0,1000.0,1000.0
Closed Fist,2,1000.0,1000.0,859.4771242,1000.0,1000.0,1000.0,1000.0,1000.0
Closed Fist,2,1000.0,1000.0,846.4052288,1000.0,1000.0,1000.0,1000.0,1000.0
Closed Fist,2,1000.0,1000.0,967.3202614,1000.0,1000.0,1000.0,1000.0,1000.0
Closed Fist,2,1000.0,993.9393939,1000.0,1000.0,1000.0,1000.0,1000.0,1000.0
Closed Fist,2,1000.0,1000.0,1000.0,1000.0,1000.0,1000.0,1000.0,1000.0
Closed Fist,2,1000.0,1000.0,849.6732026,1000.0,1000.0,1000.0,1000.0,1000.0
Closed Fist,2,1000.0,935.3535354,781.0457516,1000.0,1000.0,1000.0,1000.0,1000.0
Closed Fist,2,1000.0,939.3939394,823.5294118,1000.0,1000.0,1000.0,1000.0,1000.0
Closed Fist,2,1000.0,1000.0,954.248366,1000.0,1000.0,1000.0,1000.0,1000.0
Closed Fist,2,1000.0,1000.0,937.9084967,1000.0,1000.0,1000.0,1000.0,1000.0
Closed Fist,2,1000.0,1000.0,1000.0,1000.0,1000.0,1000.0,1000.0,1000.0
Closed Fist,2,1000.0,1000.0,1000.0,1000.0,1000.0,1000.0,1000.0,1000.0
Closed Fist,2,1000.0,1000.0,1000.0,1000.0,1000.0,1000.0,1000.0,1000.0
Closed Fist,2,1000.0,1000.0,1000.0,1000.0,1000.0,1000.0,1000.0,1000.0
Closed Fist,2,1000.0,1000.0,1000.0,1000.0,1000.0,1000.0,1000.0,1000.0
Closed Fist,2,1000.0,1000.0,1000.0,1000.0,1000.0,1000.0,1000.0,1000.0
Closed Fist,2,1000.0,1000.0,1000.0,1000.0,1000.0,1000.0,1000.0,1000.0
Closed Fist,2,1000.0,1000.0,1000.0,1000.0,1000.0,1000.0,1000.0,1000.0
Closed Fist,2,1000.0,1000.0,1000.0,1000.0,1000.0,1000.0,1000.0,1000.0
Closed Fist,2,1000.0,1000.0,1000.0,1000.0,1000.0,1000.0,1000.0,1000.0
Closed Fist,2,1000.0,1000.0,1000.0,1000.0,1000.0,1000.0,1000.0,1000.0
Closed Fist,2,1000.0,1000.0,1000.0,1000.0,1000.0,1000.0,1000.0,1000.0
Closed Fist,2,1000.0,1000.0,1000.0,1000.0,1000.0,1000.0,1000.0,1000.0
Closed Fist,2,1000.0,1000.0,1000.0,1000.0,1000.0,1000.0,1000.0,1000.0
Closed Fist,2,1000.0,1000.0,1000.0,1000.0,1000.0,1000.0,1000.0,1000.0
Closed Fist,2,1000.0,1000.0,1000.0,1000.0,1000.0,1000.0,1000.0,1000.0
Closed Fist,2,1000.0,1000.0,1000.0,1000.0,1000.0,1000.0,1000.0,1000.0
Peace Sign,3,1000.0,0.0,0.0,1000.0,1000.0,0.0,372.7810651,1000.0
Peace Sign,3,1000.0,0.0,0.0,1000.0,1000.0,205.1282051,366.8639053,1000.0
Peace Sign,3,1000.0,0.0,0.0,1000.0,1000.0,352.5641026,340.2366864,1000.0
Peace Sign,3,1000.0,0.0,0.0,1000.0,1000.0,134.6153846,381.6568047,1000.0
Peace Sign,3,1000.0,0.0,0.0,1000.0,1000.0,205.1282051,455.6213018,1000.0
Peace Sign,3,976.3948498,0.0,0.0,1000.0,1000.0,673.0769231,659.7633136,977.9874214
Peace Sign,3,791.8454936,0.0,0.0,1000.0,1000.0,1000.0,630.1775148,855.3459119
Peace Sign,3,768.2403433,0.0,0.0,1000.0,1000.0,762.8205128,473.3727811,830.1886792
Peace Sign,3,590.1287554,0.0,0.0,1000.0,1000.0,1000.0,360.9467456,553.4591195
Peace Sign,3,965.6652361,0.0,0.0,1000.0,1000.0,762.8205128,352.0710059,610.0628931
Peace Sign,3,1000.0,0.0,0.0,1000.0,1000.0,685.8974359,334.3195266,635.2201258
Peace Sign,3,1000.0,0.0,0.0,1000.0,1000.0,326.9230769,497.0414201,644.6540881
Peace Sign,3,1000.0,0.0,0.0,1000.0,1000.0,455.1282051,375.739645,688.6792453
Peace Sign,3,1000.0,0.0,0.0,1000.0,1000.0,282.0512821,204.1420118,779.8742138
Peace Sign,3,1000.0,0.0,0.0,1000.0,1000.0,282.0512821,0.0,795.5974843
Peace Sign,3,1000.0,0.0,0.0,1000.0,1000.0,391.025641,100.591716,776.7295597
Peace Sign,3,1000.0,0.0,0.0,1000.0,1000.0,762.8205128,494.0828402,773.5849057
Peace Sign,3,1000.0,0.0,0.0,1000.0,1000.0,666.6666667,71.00591716,779.8742138
Peace Sign,3,1000.0,0.0,0.0,1000.0,1000.0,429.4871795,0.0,789.3081761
Peace Sign,3,1000.0,0.0,0.0,1000.0,1000.0,0.0,0.0,789.3081761
Peace Sign,3,1000.0,0.0,0.0,1000.0,1000.0,134.6153846,0.0,783.0188679
Peace Sign,3,1000.0,0.0,0.0,1000.0,1000.0,141.025641,56.21301775,779.8742138
Peace Sign,3,1000.0,0.0,0.0,1000.0,1000.0,0.0,165.6804734,773.5849057
Peace Sign,3,1000.0,0.0,0.0,1000.0,1000.0,0.0,301.7751479,767.2955975
Peace Sign,3,1000.0,0.0,0.0,1000.0,1000.0,0.0,136.0946746,770.4402516
Peace Sign,3,1000.0,0.0,0.0,1000.0,1000.0,0.0,94.67455621,836.4779874
Peace Sign,3,1000.0,0.0,0.0,1000.0,1000.0,0.0,124.260355,836.4779874
Peace Sign,3,1000.0,0.0,0.0,1000.0,1000.0,44.87179487,73.96449704,861.6352201
Peace Sign,3,1000.0,0.0,0.0,1000.0,1000.0,262.8205128,426.035503,839.6226415
Peace Sign,3,1000.0,0.0,0.0,1000.0,1000.0,121.7948718,343.1952663,880.5031447
Peace Sign,3,1000.0,0.0,0.0,1000.0,1000.0,1000.0,822.4852071,1000.0
Peace Sign,3,1000.0,0.0,0.0,1000.0,1000.0,397.4358974,618.3431953,1000.0
Peace Sign,3,1000.0,0.0,0.0,1000.0,1000.0,955.1282051,597.6331361,1000.0
Peace Sign,3,1000.0,0.0,0.0,1000.0,1000.0,0.0,97.63313609,632.0754717
Peace Sign,3,1000.0,0.0,0.0,1000.0,1000.0,0.0,62.13017751,632.0754717
Peace Sign,3,1000.0,0.0,0.0,1000.0,1000.0,0.0,65.0887574,625.7861635
Peace Sign,3,1000.0,0.0,0.0,1000.0,1000.0,371.7948718,0.0,622.6415094
Peace Sign,3,1000.0,0.0,0.0,1000.0,1000.0,108.974359,82.84023669,619.4968553
Peace Sign,3,1000.0,0.0,0.0,1000.0,1000.0,141.025641,79.8816568,619.4968553
Peace Sign,3,1000.0,0.0,0.0,1000.0,1000.0,89.74358974,150.887574,619.4968553
Peace Sign,3,1000.0,0.0,0.0,1000.0,1000.0,76.92307692,32.5443787,635.2201258
Peace Sign,3,1000.0,0.0,0.0,1000.0,1000.0,0.0,73.96449704,641.509434
Peace Sign,3,1000.0,0.0,0.0,1000.0,1000.0,0.0,8.875739645,647.7987421
Peace Sign,3,1000.0,0.0,0.0,1000.0,1000.0,0.0,0.0,647.7987421
Peace Sign,3,1000.0,0.0,0.0,1000.0,1000.0,0.0,0.0,650.9433962
Peace Sign,3,1000.0,0.0,0.0,1000.0,1000.0,0.0,0.0,647.7987421
Peace Sign,3,1000.0,0.0,0.0,1000.0,1000.0,0.0,0.0,644.6540881
Peace Sign,3,1000.0,0.0,0.0,1000.0,1000.0,0.0,0.0,644.6540881
Peace Sign,3,1000.0,0.0,0.0,1000.0,1000.0,0.0,0.0,644.6540881
Peace Sign,3,1000.0,0.0,0.0,1000.0,1000.0,0.0,0.0,644.6540881
Peace Sign,3,1000.0,0.0,0.0,1000.0,1000.0,0.0,0.0,644.6540881
Peace Sign,3,1000.0,0.0,0.0,1000.0,1000.0,0.0,0.0,641.509434
Peace Sign,3,1000.0,0.0,0.0,1000.0,1000.0,0.0,0.0,641.509434
Peace Sign,3,1000.0,0.0,0.0,1000.0,1000.0,0.0,0.0,647.7987421
Peace Sign,3,1000.0,0.0,0.0,1000.0,1000.0,0.0,0.0,644.6540881
Peace Sign,3,1000.0,0.0,0.0,1000.0,1000.0,0.0,0.0,776.7295597
Peace Sign,3,1000.0,0.0,0.0,1000.0,1000.0,0.0,0.0,764.1509434
Peace Sign,3,1000.0,0.0,0.0,1000.0,1000.0,0.0,0.0,959.1194969
Peace Sign,3,1000.0,0.0,0.0,1000.0,1000.0,0.0,0.0,905.6603774
Peace Sign,3,1000.0,0.0,0.0,1000.0,1000.0,0.0,0.0,896.2264151
Peace Sign,3,1000.0,0.0,0.0,1000.0,1000.0,0.0,0.0,899.3710692
Peace Sign,3,1000.0,0.0,0.0,1000.0,1000.0,0.0,35.50295858,886.7924528
Peace Sign,3,1000.0,0.0,0.0,1000.0,1000.0,0.0,79.8816568,852.2012579
Peace Sign,3,1000.0,0.0,0.0,1000.0,1000.0,0.0,94.67455621,845.9119497
Peace Sign,3,1000.0,0.0,0.0,1000.0,1000.0,0.0,79.8816568,842.7672956
Peace Sign,3,1000.0,0.0,0.0,1000.0,1000.0,0.0,82.84023669,839.6226415
Peace Sign,3,1000.0,0.0,0.0,1000.0,1000.0,0.0,56.21301775,836.4779874
Peace Sign,3,1000.0,0.0,0.0,1000.0,1000.0,685.8974359,257.3964497,836.4779874
Peace Sign,3,1000.0,0.0,0.0,1000.0,1000.0,378.2051282,251.4792899,839.6226415
Peace Sign,3,1000.0,0.0,0.0,1000.0,1000.0,358.974359,257.3964497,833.3333333
Peace Sign,3,1000.0,0.0,0.0,1000.0,1000.0,282.0512821,263.3136095,830.1886792
Peace Sign,3,1000.0,0.0,0.0,1000.0,1000.0,205.1282051,298.816568,830.1886792
Peace Sign,3,1000.0,0.0,0.0,1000.0,1000.0,179.4871795,331.3609467,827.0440252
Peace Sign,3,1000.0,0.0,0.0,1000.0,1000.0,102.5641026,378.6982249,827.0440252
Peace Sign,3,1000.0,0.0,0.0,1000.0,1000.0,0.0,411.2426036,830.1886792
Peace Sign,3,1000.0,0.0,0.0,1000.0,1000.0,0.0,289.9408284,827.0440252
Peace Sign,3,1000.0,0.0,0.0,1000.0,1000.0,134.6153846,204.1420118,823.8993711
Peace Sign,3,1000.0,0.0,0.0,1000.0,1000.0,179.4871795,171.5976331,823.8993711
Peace Sign,3,1000.0,0.0,0.0,1000.0,1000.0,102.5641026,109.4674556,823.8993711
Peace Sign,3,1000.0,0.0,0.0,1000.0,1000.0,115.3846154,47.33727811,823.8993711
Peace Sign,3,1000.0,0.0,0.0,1000.0,1000.0,70.51282051,71.00591716,823.8993711
Peace Sign,3,1000.0,0.0,0.0,1000.0,1000.0,0.0,88.75739645,820.754717
Peace Sign,3,1000.0,0.0,0.0,1000.0,1000.0,256.4102564,254.4378698,820.754717
Peace Sign,3,1000.0,0.0,0.0,1000.0,1000.0,467.9487179,355.0295858,833.3333333
Peace Sign,3,1000.0,0.0,0.0,1000.0,1000.0,147.4358974,292.8994083,830.1886792
Peace Sign,3,1000.0,0.0,0.0,1000.0,1000.0,57.69230769,266.2721893,827.0440252
Peace Sign,3,1000.0,0.0,0.0,1000.0,1000.0,0.0,313.6094675,823.8993711
Peace Sign,3,1000.0,0.0,0.0,1000.0,1000.0,0.0,325.443787,823.8993711
Peace Sign,3,1000.0,0.0,0.0,1000.0,1000.0,0.0,281.0650888,820.754717
Peace Sign,3,1000.0,0.0,0.0,1000.0,1000.0,0.0,215.9763314,820.754717
Peace Sign,3,1000.0,0.0,0.0,1000.0,1000.0,0.0,257.3964497,820.754717
Peace Sign,3,1000.0,0.0,0.0,1000.0,1000.0,0.0,405.3254438,817.6100629
Peace Sign,3,1000.0,0.0,0.0,1000.0,1000.0,0.0,307.6923077,817.6100629
Peace Sign,3,1000.0,0.0,0.0,1000.0,1000.0,0.0,381.6568047,814.4654088
Peace Sign,3,1000.0,0.0,0.0,1000.0,1000.0,0.0,334.3195266,811.3207547
Peace Sign,3,1000.0,0.0,0.0,1000.0,1000.0,0.0,399.408284,820.754717
Peace Sign,3,1000.0,0.0,0.0,1000.0,1000.0,0.0,363.9053254,814.4654088
Peace Sign,3,1000.0,0.0,0.0,1000.0,1000.0,0.0,195.2662722,811.3207547
Peace Sign,3,1000.0,0.0,0.0,1000.0,1000.0,0.0,94.67455621,811.3207547
Peace Sign,3,1000.0,0.0,0.0,1000.0,1000.0,89.74358974,0.0,811.3207547
Peace Sign,3,1000.0,0.0,0.0,1000.0,1000.0,0.0,62.13017751,811.3207547
Peace Sign,3,1000.0,0.0,0.0,1000.0,1000.0,0.0,59.17159763,808.1761006
Peace Sign,3,1000.0,0.0,0.0,1000.0,1000.0,0.0,65.0887574,811.3207547
Peace Sign,3,1000.0,0.0,0.0,1000.0,1000.0,0.0,0.0,817.6100629
Peace Sign,3,1000.0,0.0,0.0,1000.0,1000.0,269.2307692,0.0,814.4654088
Peace Sign,3,1000.0,0.0,0.0,1000.0,1000.0,25.64102564,0.0,811.3207547
Peace Sign,3,1000.0,0.0,0.0,1000.0,1000.0,44.87179487,0.0,811.3207547
Peace Sign,3,1000.0,0.0,0.0,1000.0,1000.0,44.87179487,0.0,811.3207547
Peace Sign,3,1000.0,0.0,0.0,1000.0,1000.0,25.64102564,0.0,820.754717
Peace Sign,3,1000.0,0.0,0.0,1000.0,1000.0,6.41025641,0.0,874.2138365
Peace Sign,3,1000.0,0.0,0.0,1000.0,1000.0,0.0,0.0,899.3710692
Peace Sign,3,1000.0,0.0,0.0,1000.0,1000.0,51.28205128,0.0,990.5660377
Peace Sign,3,1000.0,0.0,0.0,1000.0,1000.0,57.69230769,0.0,996.8553459
Peace Sign,3,1000.0,0.0,0.0,1000.0,1000.0,44.87179487,0.0,971.6981132
Peace Sign,3,1000.0,0.0,0.0,1000.0,1000.0,38.46153846,0.0,955.9748428
Peace Sign,3,1000.0,0.0,0.0,1000.0,1000.0,237.1794872,0.0,946.5408805
Peace Sign,3,1000.0,0.0,0.0,1000.0,1000.0,0.0,0.0,943.3962264
Peace Sign,3,1000.0,0.0,0.0,1000.0,1000.0,0.0,0.0,943.3962264
Peace Sign,3,1000.0,0.0,0.0,1000.0,1000.0,0.0,0.0,933.9622642
Peace Sign,3,1000.0,0.0,0.0,1000.0,1000.0,0.0,0.0,1000.0
Peace Sign,3,1000.0,0.0,0.0,1000.0,1000.0,0.0,0.0,1000.0
Peace Sign,3,1000.0,0.0,0.0,1000.0,1000.0,0.0,375.739645,1000.0
Peace Sign,3,1000.0,0.0,0.0,1000.0,1000.0,0.0,221.8934911,1000.0
Peace Sign,3,1000.0,0.0,0.0,1000.0,1000.0,0.0,295.8579882,1000.0
Peace Sign,3,1000.0,0.0,0.0,1000.0,1000.0,0.0,215.9763314,1000.0
Peace Sign,3,1000.0,0.0,0.0,1000.0,1000.0,0.0,47.33727811,1000.0
Peace Sign,3,1000.0,0.0,0.0,1000.0,1000.0,615.3846154,730.7692308,1000.0
Peace Sign,3,1000.0,0.0,0.0,1000.0,1000.0,416.6666667,100.591716,1000.0
Peace Sign,3,1000.0,0.0,0.0,1000.0,1000.0,301.2820513,665.6804734,1000.0
Peace Sign,3,1000.0,0.0,0.0,1000.0,1000.0,352.5641026,529.5857988,1000.0
Peace Sign,3,1000.0,0.0,0.0,1000.0,1000.0,0.0,192.3076923,1000.0
Peace Sign,3,1000.0,0.0,0.0,1000.0,1000.0,0.0,0.0,1000.0
Peace Sign,3,1000.0,0.0,0.0,1000.0,1000.0,0.0,23.66863905,1000.0
Peace Sign,3,1000.0,0.0,0.0,1000.0,1000.0,108.974359,14.79289941,1000.0
Peace Sign,3,1000.0,0.0,0.0,1000.0,1000.0,134.6153846,47.33727811,1000.0
Peace Sign,3,1000.0,0.0,0.0,1000.0,1000.0,19.23076923,91.71597633,1000.0
Peace Sign,3,1000.0,0.0,0.0,1000.0,1000.0,0.0,100.591716,996.8553459
Peace Sign,3,1000.0,0.0,0.0,1000.0,1000.0,12.82051282,115.3846154,996.8553459
Peace Sign,3,1000.0,0.0,0.0,1000.0,1000.0,38.46153846,62.13017751,1000.0
Peace Sign,3,1000.0,0.0,0.0,1000.0,1000.0,96.15384615,0.0,1000.0
Peace Sign,3,1000.0,0.0,0.0,1000.0,1000.0,96.15384615,32.5443787,1000.0
Peace Sign,3,1000.0,0.0,0.0,1000.0,1000.0,12.82051282,103.5502959,1000.0
Peace Sign,3,1000.0,0.0,0.0,1000.0,1000.0,6.41025641,109.4674556,1000.0
Peace Sign,3,1000.0,0.0,0.0,1000.0,1000.0,0.0,115.3846154,1000.0
Peace Sign,3,1000.0,0.0,0.0,1000.0,1000.0,0.0,112.4260355,1000.0
Peace Sign,3,1000.0,0.0,0.0,1000.0,1000.0,0.0,124.260355,1000.0
Peace Sign,3,1000.0,0.0,0.0,1000.0,1000.0,0.0,115.3846154,996.8553459
Peace Sign,3,1000.0,0.0,0.0,1000.0,1000.0,6.41025641,124.260355,996.8553459
Peace Sign,3,1000.0,0.0,0.0,1000.0,1000.0,0.0,133.1360947,993.7106918
Peace Sign,3,1000.0,0.0,0.0,1000.0,1000.0,0.0,133.1360947,996.8553459
Peace Sign,3,1000.0,0.0,0.0,1000.0,1000.0,96.15384615,165.6804734,993.7106918
Peace Sign,3,1000.0,0.0,0.0,1000.0,1000.0,83.33333333,97.63313609,987.4213836
Peace Sign,3,1000.0,0.0,0.0,1000.0,1000.0,102.5641026,97.63313609,987.4213836
Peace Sign,3,1000.0,0.0,0.0,1000.0,1000.0,192.3076923,79.8816568,981.1320755
Peace Sign,3,1000.0,0.0,0.0,1000.0,1000.0,51.28205128,121.3017751,993.7106918
Peace Sign,3,1000.0,0.0,0.0,1000.0,1000.0,64.1025641,112.4260355,1000.0
Peace Sign,3,1000.0,0.0,0.0,1000.0,1000.0,416.6666667,390.5325444,1000.0
Peace Sign,3,1000.0,0.0,0.0,1000.0,1000.0,326.9230769,387.5739645,1000.0
Peace Sign,3,1000.0,0.0,0.0,1000.0,1000.0,282.0512821,346.1538462,1000.0
Peace Sign,3,1000.0,0.0,0.0,1000.0,1000.0,307.6923077,301.7751479,996.8553459
Peace Sign,3,1000.0,0.0,0.0,1000.0,1000.0,250.0,204.1420118,993.7106918
Peace Sign,3,1000.0,0.0,0.0,1000.0,1000.0,269.2307692,266.2721893,990.5660377
Peace Sign,3,1000.0,0.0,0.0,1000.0,1000.0,243.5897436,289.9408284,987.4213836
Peace Sign,3,1000.0,0.0,0.0,1000.0,1000.0,192.3076923,284.0236686,984.2767296
Peace Sign,3,1000.0,0.0,0.0,1000.0,1000.0,153.8461538,278.1065089,977.9874214
Peace Sign,3,1000.0,0.0,0.0,1000.0,1000.0,147.4358974,263.3136095,974.8427673
Peace Sign,3,1000.0,0.0,0.0,1000.0,1000.0,108.974359,153.8461538,974.8427673
Peace Sign,3,1000.0,0.0,0.0,1000.0,1000.0,32.05128205,133.1360947,971.6981132
Peace Sign,3,1000.0,0.0,0.0,1000.0,1000.0,0.0,62.13017751,971.6981132
Peace Sign,3,1000.0,0.0,0.0,1000.0,1000.0,57.69230769,20.71005917,965.408805
Peace Sign,3,1000.0,0.0,0.0,1000.0,1000.0,96.15384615,0.0,962.2641509
Peace Sign,3,1000.0,0.0,0.0,1000.0,1000.0,134.6153846,53.25443787,962.2641509
Peace Sign,3,1000.0,0.0,0.0,1000.0,1000.0,166.6666667,153.8461538,955.9748428
Peace Sign,3,1000.0,0.0,0.0,1000.0,1000.0,230.7692308,103.5502959,946.5408805
Peace Sign,3,1000.0,0.0,0.0,1000.0,1000.0,76.92307692,106.5088757,946.5408805
Peace Sign,3,1000.0,0.0,0.0,1000.0,1000.0,134.6153846,85.79881657,943.3962264
Peace Sign,3,1000.0,0.0,0.0,1000.0,1000.0,121.7948718,73.96449704,940.2515723
Peace Sign,3,1000.0,0.0,0.0,1000.0,1000.0,108.974359,59.17159763,940.2515723
Peace Sign,3,1000.0,0.0,0.0,1000.0,1000.0,70.51282051,32.5443787,937.1069182
Peace Sign,3,1000.0,0.0,0.0,1000.0,1000.0,160.2564103,136.0946746,937.1069182
Peace Sign,3,1000.0,0.0,0.0,1000.0,1000.0,108.974359,130.1775148,933.9622642
Peace Sign,3,1000.0,0.0,0.0,1000.0,1000.0,64.1025641,115.3846154,927.672956
Peace Sign,3,1000.0,0.0,0.0,1000.0,1000.0,38.46153846,106.5088757,927.672956
Peace Sign,3,1000.0,0.0,0.0,1000.0,1000.0,0.0,106.5088757,927.672956
Peace Sign,3,1000.0,0.0,0.0,1000.0,1000.0,0.0,109.4674556,921.3836478
Peace Sign,3,1000.0,0.0,0.0,1000.0,1000.0,0.0,109.4674556,924.5283019
Peace Sign,3,1000.0,0.0,0.0,1000.0,1000.0,0.0,59.17159763,924.5283019
Peace Sign,3,1000.0,0.0,0.0,1000.0,1000.0,0.0,5.917159763,921.3836478
Peace Sign,3,1000.0,0.0,0.0,1000.0,1000.0,0.0,32.5443787,921.3836478
Peace Sign,3,1000.0,0.0,0.0,1000.0,1000.0,70.51282051,0.0,924.5283019
Peace Sign,3,1000.0,0.0,0.0,1000.0,1000.0,44.87179487,14.79289941,921.3836478
Peace Sign,3,1000.0,0.0,0.0,1000.0,1000.0,12.82051282,20.71005917,921.3836478
Peace Sign,3,1000.0,0.0,0.0,1000.0,1000.0,12.82051282,26.62721893,918.2389937
Peace Sign,3,1000.0,0.0,0.0,1000.0,1000.0,0.0,8.875739645,921.3836478
Peace Sign,3,1000.0,0.0,0.0,1000.0,1000.0,25.64102564,0.0,918.2389937
Peace Sign,3,1000.0,0.0,0.0,1000.0,1000.0,44.87179487,0.0,918.2389937
Peace Sign,3,1000.0,0.0,0.0,1000.0,1000.0,19.23076923,53.25443787,918.2389937
Peace Sign,3,1000.0,0.0,0.0,1000.0,1000.0,0.0,121.3017751,918.2389937
Peace Sign,3,1000.0,0.0,0.0,1000.0,1000.0,19.23076923,44.37869822,918.2389937
Peace Sign,3,1000.0,0.0,0.0,1000.0,1000.0,6.41025641,38.46153846,918.2389937
Peace Sign,3,1000.0,0.0,0.0,1000.0,1000.0,0.0,38.46153846,915.0943396
Peace Sign,3,1000.0,0.0,0.0,1000.0,1000.0,6.41025641,32.5443787,915.0943396
Peace Sign,3,1000.0,0.0,0.0,1000.0,1000.0,0.0,32.5443787,915.0943396
Peace Sign,3,1000.0,0.0,0.0,1000.0,1000.0,6.41025641,29.58579882,915.0943396
Peace Sign,3,1000.0,0.0,0.0,1000.0,1000.0,0.0,53.25443787,918.2389937
Peace Sign,3,1000.0,0.0,0.0,1000.0,1000.0,0.0,272.1893491,911.9496855
Peace Sign,3,1000.0,0.0,0.0,1000.0,1000.0,0.0,192.3076923,911.9496855
Peace Sign,3,1000.0,0.0,0.0,1000.0,1000.0,0.0,142.0118343,908.8050314
Peace Sign,3,1000.0,0.0,0.0,1000.0,1000.0,0.0,124.260355,908.8050314
Peace Sign,3,1000.0,0.0,0.0,1000.0,1000.0,0.0,2.958579882,911.9496855
Peace Sign,3,1000.0,0.0,0.0,1000.0,1000.0,0.0,0.0,911.9496855
Peace Sign,3,1000.0,0.0,0.0,1000.0,1000.0,0.0,0.0,908.8050314
Peace Sign,3,1000.0,0.0,0.0,1000.0,1000.0,0.0,0.0,908.8050314
Peace Sign,3,1000.0,0.0,0.0,1000.0,1000.0,0.0,0.0,908.8050314
Peace Sign,3,1000.0,0.0,0.0,1000.0,1000.0,0.0,0.0,921.3836478
Peace Sign,3,1000.0,0.0,0.0,1000.0,1000.0,0.0,0.0,918.2389937
Peace Sign,3,1000.0,0.0,0.0,1000.0,1000.0,0.0,0.0,921.3836478
Peace Sign,3,1000.0,0.0,0.0,1000.0,1000.0,0.0,0.0,911.9496855
Peace Sign,3,1000.0,0.0,0.0,1000.0,1000.0,0.0,0.0,959.1194969
Peace Sign,3,1000.0,0.0,0.0,1000.0,1000.0,0.0,0.0,955.9748428
Peace Sign,3,1000.0,0.0,0.0,1000.0,1000.0,0.0,0.0,1000.0
Peace Sign,3,1000.0,0.0,0.0,1000.0,1000.0,0.0,0.0,1000.0
Peace Sign,3,1000.0,0.0,0.0,1000.0,1000.0,0.0,0.0,993.7106918
OK,4,70.81545064,329.2929293,856.2091503,0.0,279.5698925,282.0512821,1000.0,852.2012579
OK,4,98.71244635,329.2929293,839.869281,0.0,268.8172043,301.2820513,1000.0,908.8050314
OK,4,126.6094421,533.3333333,859.4771242,0.0,154.1218638,0.0,985.2071006,984.2767296
OK,4,154.5064378,482.8282828,738.5620915,0.0,0.0,0.0,1000.0,1000.0
OK,4,242.4892704,589.8989899,696.0784314,0.0,0.0,0.0,940.8284024,795.5974843
OK,4,79.39914163,365.6565657,594.7712418,0.0,290.3225806,0.0,1000.0,691.8238994
OK,4,472.1030043,420.2020202,503.2679739,35.60830861,207.8853047,0.0,881.6568047,666.6666667
OK,4,916.3090129,741.4141414,558.8235294,0.0,0.0,0.0,1000.0,682.3899371
OK,4,510.7296137,511.1111111,1000.0,0.0,469.5340502,1000.0,1000.0,1000.0
OK,4,371.2446352,230.3030303,526.1437908,169.1394659,956.9892473,1000.0,1000.0,742.1383648
OK,4,324.0343348,226.2626263,784.3137255,0.0,655.9139785,1000.0,1000.0,1000.0
OK,4,229.6137339,187.8787879,1000.0,139.4658754,881.7204301,1000.0,923.0769231,1000.0
OK,4,154.5064378,391.9191919,457.5163399,0.0,562.7240143,198.7179487,1000.0,477.9874214
OK,4,169.527897,521.2121212,552.2875817,0.0,139.7849462,0.0,1000.0,534.591195
OK,4,289.6995708,553.5353535,637.254902,0.0,0.0,0.0,1000.0,911.9496855
OK,4,585.8369099,824.2424242,745.0980392,0.0,0.0,0.0,1000.0,1000.0
OK,4,660.944206,852.5252525,509.8039216,0.0,111.1111111,0.0,923.0769231,672.9559748
OK,4,845.4935622,915.1515152,591.503268,0.0,272.4014337,301.2820513,887.5739645,157.2327044
OK,4,225.3218884,523.2323232,503.2679739,0.0,10.75268817,0.0,911.2426036,575.4716981
OK,4,201.7167382,373.7373737,366.0130719,0.0,207.8853047,0.0,1000.0,591.1949686
OK,4,289.6995708,393.9393939,781.0457516,0.0,372.7598566,916.6666667,1000.0,858.490566
OK,4,214.5922747,365.6565657,434.6405229,0.0,265.2329749,0.0,1000.0,889.9371069
OK,4,278.9699571,575.7575758,679.7385621,0.0,75.2688172,0.0,1000.0,930.8176101
OK,4,130.9012876,315.1515152,513.0718954,0.0,501.7921147,576.9230769,1000.0,814.4654088
OK,4,300.4291845,563.6363636,516.3398693,0.0,240.1433692,0.0,855.0295858,647.7987421
OK,4,699.5708155,438.3838384,418.3006536,0.0,143.3691756,0.0,926.035503,707.5471698
OK,4,678.111588,622.2222222,379.0849673,0.0,39.4265233,0.0,973.3727811,823.8993711
OK,4,611.5879828,531.3131313,366.0130719,0.0,46.59498208,0.0,997.0414201,801.8867925
OK,4,197.4248927,185.8585859,297.3856209,0.0,232.9749104,0.0,1000.0,716.9811321
OK,4,62.23175966,185.8585859,271.2418301,593.4718101,465.9498208,698.7179487,1000.0,663.5220126
OK,4,77.25321888,214.1414141,264.7058824,169.1394659,376.344086,339.7435897,1000.0,644.6540881
OK,4,109.4420601,220.2020202,258.1699346,8.902077151,383.5125448,256.4102564,1000.0,632.0754717
OK,4,244.6351931,226.2626263,258.1699346,201.7804154,329.7491039,339.7435897,1000.0,603.7735849
OK,4,246.7811159,230.3030303,254.9019608,249.2581602,394.265233,403.8461538,1000.0,606.918239
OK,4,321.888412,305.0505051,258.1699346,2.96735905,372.7598566,224.3589744,1000.0,685.5345912
OK,4,510.7296137,298.989899,254.9019608,100.8902077,379.9283154,326.9230769,1000.0,641.509434
OK,4,778.9699571,319.1919192,241.8300654,0.0,534.0501792,1000.0,1000.0,880.5031447
OK,4,836.9098712,258.5858586,245.0980392,0.0,451.6129032,576.9230769,1000.0,896.2264151
OK,4,796.1373391,272.7272727,271.2418301,0.0,397.8494624,115.3846154,1000.0,880.5031447
OK,4,789.6995708,163.6363636,258.1699346,0.0,412.1863799,589.7435897,1000.0,861.6352201
OK,4,942.0600858,523.2323232,352.9411765,0.0,186.3799283,0.0,1000.0,833.3333333
OK,4,819.7424893,454.5454545,307.1895425,0.0,268.8172043,269.2307692,1000.0,849.0566038
OK,4,826.1802575,460.6060606,307.1895425,0.0,146.953405,198.7179487,1000.0,927.672956
OK,4,931.3304721,389.8989899,300.6535948,0.0,175.6272401,0.0,1000.0,918.2389937
OK,4,884.1201717,408.0808081,287.5816993,0.0,272.4014337,0.0,1000.0,805.0314465
OK,4,547.2103004,268.6868687,261.4379085,0.0,609.3189964,621.7948718,1000.0,701.2578616
OK,4,186.695279,232.3232323,598.0392157,136.4985163,541.218638,1000.0,1000.0,628.9308176
OK,4,195.27897,197.979798,624.1830065,20.77151335,684.5878136,1000.0,1000.0,537.7358491
OK,4,109.4420601,187.8787879,617.6470588,0.0,641.5770609,1000.0,994.0828402,515.7232704
OK,4,111.5879828,357.5757576,310.4575163,0.0,387.0967742,416.6666667,1000.0,556.6037736
OK,4,259.6566524,387.8787879,300.6535948,0.0,311.827957,147.4358974,1000.0,594.3396226
OK,4,343.3476395,361.6161616,277.7777778,0.0,455.1971326,230.7692308,1000.0,446.5408805
OK,4,373.3905579,369.6969697,369.2810458,0.0,376.344086,525.6410256,1000.0,389.9371069
OK,4,317.5965665,232.3232323,986.9281046,249.2581602,473.1182796,1000.0,804.7337278,238.9937107
OK,4,491.416309,527.2727273,866.0130719,20.77151335,311.827957,602.5641026,695.2662722,157.2327044
OK,4,519.3133047,264.6464646,604.5751634,0.0,483.8709677,1000.0,988.1656805,232.7044025
OK,4,712.4463519,494.9494949,398.6928105,0.0,290.3225806,0.0,1000.0,644.6540881
OK,4,714.5922747,478.7878788,382.3529412,0.0,347.6702509,487.1794872,1000.0,845.9119497
OK,4,742.4892704,416.1616162,352.9411765,83.08605341,523.297491,698.7179487,1000.0,544.0251572
OK,4,669.527897,349.4949495,326.7973856,74.18397626,519.7132616,705.1282051,1000.0,298.7421384
OK,4,32.1888412,254.5454545,294.1176471,94.95548961,673.8351254,391.025641,1000.0,613.2075472
OK,4,373.3905579,175.7575758,284.3137255,0.0,673.8351254,0.0,1000.0,647.7987421
OK,4,463.5193133,492.9292929,699.3464052,0.0,462.3655914,878.2051282,1000.0,877.3584906
OK,4,324.0343348,379.7979798,797.3856209,62.31454006,688.172043,1000.0,1000.0,1000.0
OK,4,268.2403433,274.7474747,562.0915033,195.8456973,727.5985663,1000.0,1000.0,493.7106918
OK,4,244.6351931,256.5656566,388.8888889,130.5637982,620.0716846,929.4871795,1000.0,371.0691824
OK,4,139.4849785,264.6464646,339.869281,0.0,419.3548387,339.7435897,1000.0,314.4654088
OK,4,0.0,165.6565657,549.0196078,89.02077151,605.734767,1000.0,1000.0,367.9245283
OK,4,0.0,131.3131313,905.2287582,166.1721068,648.7455197,1000.0,766.2721893,437.1069182
OK,4,0.0,109.0909091,937.9084967,154.3026706,627.2401434,1000.0,689.3491124,569.1823899
OK,4,0.0,177.7777778,575.1633987,38.57566766,465.9498208,378.2051282,1000.0,754.7169811
OK,4,85.83690987,72.72727273,669.9346405,17.8041543,491.0394265,987.1794872,863.9053254,679.245283
OK,4,118.0257511,513.1313131,539.2156863,0.0,426.5232975,775.6410256,1000.0,635.2201258
OK,4,145.9227468,577.7777778,477.124183,0.0,315.4121864,115.3846154,1000.0,503.1446541
OK,4,319.7424893,393.9393939,297.3856209,0.0,308.2437276,378.2051282,1000.0,610.0628931
OK,4,291.8454936,470.7070707,398.6928105,0.0,261.6487455,230.7692308,1000.0,500.0
OK,4,287.5536481,490.9090909,473.8562092,0.0,150.5376344,70.51282051,1000.0,823.8993711
OK,4,648.0686695,575.7575758,356.2091503,0.0,143.3691756,0.0,1000.0,273.5849057
OK,4,476.3948498,426.2626263,366.0130719,0.0,236.5591398,89.74358974,1000.0,172.9559748
OK,4,343.3476395,404.040404,431.372549,0.0,315.4121864,192.3076923,1000.0,267.2955975
OK,4,313.304721,395.959596,428.1045752,0.0,318.9964158,224.3589744,1000.0,377.3584906
OK,4,296.1373391,395.959596,424.8366013,0.0,308.2437276,160.2564103,1000.0,371.0691824
OK,4,562.2317597,408.0808081,588.2352941,0.0,555.5555556,967.9487179,982.2485207,477.9874214
OK,4,165.2360515,309.0909091,212.4183007,0.0,265.2329749,25.64102564,1000.0,25.1572327
OK,4,210.3004292,317.1717172,238.5620915,0.0,344.0860215,0.0,1000.0,59.74842767
OK,4,195.27897,315.1515152,228.7581699,0.0,333.3333333,0.0,1000.0,78.6163522
OK,4,180.2575107,301.010101,261.4379085,0.0,336.9175627,83.33333333,1000.0,100.6289308
OK,4,173.8197425,290.9090909,294.1176471,0.0,362.0071685,474.3589744,1000.0,213.836478
OK,4,178.111588,252.5252525,405.2287582,0.0,315.4121864,762.8205128,1000.0,352.2012579
OK,4,178.111588,262.6262626,310.4575163,0.0,480.2867384,653.8461538,1000.0,433.9622642
OK,4,171.6738197,268.6868687,284.3137255,0.0,555.5555556,602.5641026,1000.0,386.7924528
OK,4,167.3819742,260.6060606,202.6143791,0.0,498.2078853,474.3589744,1000.0,327.0440252
OK,4,173.8197425,254.5454545,186.2745098,0.0,487.4551971,532.0512821,1000.0,298.7421384
OK,4,152.360515,244.4444444,176.4705882,0.0,491.0394265,487.1794872,1000.0,289.3081761
OK,4,122.3175966,256.5656566,169.9346405,0.0,541.218638,429.4871795,1000.0,402.5157233
OK,4,184.5493562,220.2020202,352.9411765,0.0,663.0824373,1000.0,1000.0,751.572327
Closed Fist,2,1000.0,1000.0,1000.0,1000.0,1000.0,1000.0,1000.0,1000.0
Closed Fist,2,1000.0,1000.0,1000.0,1000.0,1000.0,1000.0,1000.0,1000.0
Closed Fist,2,1000.0,1000.0,1000.0,1000.0,1000.0,1000.0,1000.0,1000.0
Closed Fist,2,1000.0,1000.0,1000.0,1000.0,1000.0,1000.0,1000.0,1000.0
Closed Fist,2,1000.0,1000.0,1000.0,1000.0,1000.0,1000.0,1000.0,1000.0
Closed Fist,2,1000.0,1000.0,1000.0,1000.0,1000.0,1000.0,1000.0,1000.0
Closed Fist,2,1000.0,1000.0,1000.0,1000.0,1000.0,1000.0,1000.0,1000.0
Closed Fist,2,1000.0,1000.0,1000.0,1000.0,1000.0,1000.0,1000.0,1000.0
Closed Fist,2,1000.0,1000.0,1000.0,1000.0,1000.0,1000.0,1000.0,1000.0
Closed Fist,2,1000.0,1000.0,1000.0,1000.0,1000.0,1000.0,1000.0,1000.0
Closed Fist,2,1000.0,1000.0,1000.0,1000.0,1000.0,1000.0,1000.0,1000.0
Closed Fist,2,1000.0,1000.0,1000.0,1000.0,1000.0,1000.0,1000.0,1000.0
Closed Fist,2,1000.0,1000.0,1000.0,1000.0,1000.0,1000.0,1000.0,1000.0
Closed Fist,2,1000.0,1000.0,1000.0,1000.0,1000.0,1000.0,1000.0,1000.0
Closed Fist,2,1000.0,1000.0,1000.0,1000.0,1000.0,1000.0,1000.0,1000.0
Closed Fist,2,1000.0,1000.0,1000.0,1000.0,1000.0,1000.0,1000.0,1000.0
Closed Fist,2,1000.0,1000.0,1000.0,1000.0,1000.0,1000.0,1000.0,1000.0
Closed Fist,2,1000.0,1000.0,1000.0,1000.0,1000.0,1000.0,1000.0,1000.0
Closed Fist,2,1000.0,1000.0,1000.0,1000.0,1000.0,1000.0,1000.0,1000.0
Closed Fist,2,1000.0,1000.0,1000.0,1000.0,1000.0,1000.0,1000.0,1000.0
Closed Fist,2,922.7467811158798,806.060606060606,875.8169934640523,1000.0,1000.0,1000.0,1000.0,704.4025157232704
Closed Fist,2,1000.0,1000.0,1000.0,1000.0,1000.0,1000.0,1000.0,1000.0
Closed Fist,2,1000.0,1000.0,1000.0,1000.0,1000.0,1000.0,1000.0,298.74213836477986
Closed Fist,2,1000.0,1000.0,1000.0,1000.0,1000.0,1000.0,1000.0,283.0188679245283
Closed Fist,2,1000.0,1000.0,1000.0,1000.0,1000.0,1000.0,1000.0,540.8805031446541
Closed Fist,2,1000.0,1000.0,1000.0,1000.0,1000.0,1000.0,1000.0,896.2264150943397
Closed Fist,2,1000.0,1000.0,1000.0,1000.0,1000.0,1000.0,1000.0,905.6603773584906
Closed Fist,2,1000.0,1000.0,1000.0,1000.0,1000.0,1000.0,1000.0,1000.0
Closed Fist,2,1000.0,1000.0,1000.0,1000.0,1000.0,1000.0,1000.0,1000.0
Closed Fist,2,1000.0,1000.0,1000.0,1000.0,1000.0,1000.0,1000.0,1000.0
Closed Fist,2,1000.0,1000.0,1000.0,1000.0,1000.0,1000.0,1000.0,1000.0
Closed Fist,2,1000.0,1000.0,1000.0,1000.0,1000.0,1000.0,1000.0,1000.0
Closed Fist,2,1000.0,1000.0,1000.0,1000.0,1000.0,1000.0,1000.0,1000.0
Closed Fist,2,1000.0,1000.0,1000.0,1000.0,1000.0,1000.0,1000.0,1000.0
Closed Fist,2,1000.0,1000.0,1000.0,1000.0,1000.0,1000.0,1000.0,1000.0
Closed Fist,2,1000.0,1000.0,1000.0,1000.0,1000.0,1000.0,1000.0,1000.0
Closed Fist,2,1000.0,1000.0,1000.0,1000.0,1000.0,1000.0,1000.0,1000.0
Closed Fist,2,1000.0,1000.0,1000.0,1000.0,1000.0,1000.0,1000.0,1000.0
Closed Fist,2,1000.0,1000.0,1000.0,1000.0,1000.0,1000.0,1000.0,1000.0
Closed Fist,2,1000.0,1000.0,1000.0,1000.0,1000.0,1000.0,1000.0,1000.0
Closed Fist,2,1000.0,1000.0,1000.0,1000.0,1000.0,1000.0,1000.0,1000.0
Closed Fist,2,1000.0,1000.0,1000.0,1000.0,1000.0,1000.0,1000.0,1000.0
Closed Fist,2,1000.0,1000.0,1000.0,1000.0,1000.0,1000.0,1000.0,1000.0
Closed Fist,2,1000.0,1000.0,1000.0,1000.0,1000.0,1000.0,1000.0,1000.0
Closed Fist,2,1000.0,1000.0,1000.0,1000.0,1000.0,1000.0,1000.0,1000.0
Closed Fist,2,1000.0,1000.0,1000.0,1000.0,1000.0,1000.0,1000.0,1000.0
Closed Fist,2,1000.0,1000.0,1000.0,1000.0,1000.0,1000.0,1000.0,1000.0
Closed Fist,2,1000.0,1000.0,1000.0,1000.0,1000.0,1000.0,1000.0,1000.0
